{
    "1": "restart",
    "2": "file_read",
    "3": "file_write",
    "4": "file_append",
    "5": "file_delete",
    "9": "pom_receive",
    "10": "query_sql",
    "11": "fingerprint_register",
    "12": "backup_template_fp",
    "13": "restore_template_fp",
    "14": "delete_template_fp",
    "15": "admin_fp",
    "16": "get_info",
    "17": "factory_reset",
    "19": "fingerprint_scan",
    "20": "stb_move_to",
    "21": "stb_move_detection",
    "22": "stb_sounding",
    "23": "stb_sounding_all",
    "24": "save_ir",
    "25": "execute_ir",
    "26": "get_ir_list",
    "27": "schedule_daily",
    "29": "schedule_monthly",
    "31": "file_list",
    "32": "get_schedule",
    "33": "command_to_bandul",
    "35": "soil_measure",
    "36": "message_from_gateway",
    "37": "message_from_node",
    "38": "command_radio",
    "39": "command_to_mekanikal",
    "40": "get_bandul_data",
    "41": "get_data",
    "42": "update_mekanikal",
    "43": "upload_data",
    "44": "check_data",
    "45": "clear_schedule",
    "46": "stb_check_air"
}